{
  "providers": {
    "awscloudformation": {
      "AuthRoleName": "amplify-sabaicodeamplify-dev-234301-authRole",
      "UnauthRoleArn": "arn:aws:iam::515523068322:role/amplify-sabaicodeamplify-dev-234301-unauthRole",
      "AuthRoleArn": "arn:aws:iam::515523068322:role/amplify-sabaicodeamplify-dev-234301-authRole",
      "Region": "ap-southeast-1",
      "DeploymentBucketName": "amplify-sabaicodeamplify-dev-234301-deployment",
      "UnauthRoleName": "amplify-sabaicodeamplify-dev-234301-unauthRole",
      "StackName": "amplify-sabaicodeamplify-dev-234301",
      "StackId": "arn:aws:cloudformation:ap-southeast-1:515523068322:stack/amplify-sabaicodeamplify-dev-234301/2e744da0-926c-11ec-baac-061d355c1340",
      "AmplifyAppId": "d3an8x75laa2eq"
    }
  },
  "auth": {
    "sabaicodeamplify41185879": {
      "service": "Cognito",
      "providerPlugin": "awscloudformation",
      "dependsOn": [],
      "customAuth": false,
      "frontendAuthConfig": {
        "socialProviders": [],
        "usernameAttributes": [
          "EMAIL",
          "PHONE_NUMBER"
        ],
        "signupAttributes": [
          "EMAIL"
        ],
        "passwordProtectionSettings": {
          "passwordPolicyMinLength": 8,
          "passwordPolicyCharacters": []
        },
        "mfaConfiguration": "OFF",
        "mfaTypes": [
          "SMS"
        ],
        "verificationMechanisms": [
          "EMAIL"
        ]
      },
      "output": {
        "UserPoolId": "ap-southeast-1_ivNfA3lHo",
        "AppClientIDWeb": "7g1ba7ukctl8k57188djo9smel",
        "AppClientID": "3lmq8n09vpgrisoom6eecla5sl",
        "IdentityPoolId": "ap-southeast-1:b78a9f04-81fe-4a1e-a15f-86b1ddb5e08a",
        "UserPoolArn": "arn:aws:cognito-idp:ap-southeast-1:515523068322:userpool/ap-southeast-1_ivNfA3lHo",
        "IdentityPoolName": "sabaicodeamplify41185879_identitypool_41185879__dev",
        "UserPoolName": "sabaicodeamplify41185879_userpool_41185879"
      },
      "lastPushTimeStamp": "2022-02-20T23:58:30.072Z",
      "providerMetadata": {
        "s3TemplateURL": "https://s3.amazonaws.com/amplify-sabaicodeamplify-dev-234301-deployment/amplify-cfn-templates/auth/sabaicodeamplify41185879-cloudformation-template.json",
        "logicalId": "authsabaicodeamplify41185879"
      }
    }
  },
  "storage": {
    "sabaicodestorage": {
      "service": "S3",
      "providerPlugin": "awscloudformation",
      "dependsOn": [],
      "output": {
        "BucketName": "sabaicodebucket234301-dev",
        "Region": "ap-southeast-1"
      },
      "lastPushTimeStamp": "2022-02-20T23:58:30.073Z",
      "providerMetadata": {
        "s3TemplateURL": "https://s3.amazonaws.com/amplify-sabaicodeamplify-dev-234301-deployment/amplify-cfn-templates/storage/cloudformation-template.json",
        "logicalId": "storagesabaicodestorage"
      }
    }
  }
}