{
  "dev": {
    "awscloudformation": {
      "AuthRoleName": "amplify-sabaicodeamplify-dev-234301-authRole",
      "UnauthRoleArn": "arn:aws:iam::515523068322:role/amplify-sabaicodeamplify-dev-234301-unauthRole",
      "AuthRoleArn": "arn:aws:iam::515523068322:role/amplify-sabaicodeamplify-dev-234301-authRole",
      "Region": "ap-southeast-1",
      "DeploymentBucketName": "amplify-sabaicodeamplify-dev-234301-deployment",
      "UnauthRoleName": "amplify-sabaicodeamplify-dev-234301-unauthRole",
      "StackName": "amplify-sabaicodeamplify-dev-234301",
      "StackId": "arn:aws:cloudformation:ap-southeast-1:515523068322:stack/amplify-sabaicodeamplify-dev-234301/2e744da0-926c-11ec-baac-061d355c1340",
      "AmplifyAppId": "d3an8x75laa2eq"
    },
    "categories": {
      "auth": {
        "sabaicodeamplify41185879": {}
      }
    }
  }
}